user_id,full_name,email,role
1,User 1,user1@financehub.test,admin
2,User 2,user2@financehub.test,admin
3,User 3,user3@financehub.test,admin
4,User 4,user4@financehub.test,admin
5,User 5,user5@financehub.test,admin
6,User 6,user6@financehub.test,admin
7,User 7,user7@financehub.test,admin
8,User 8,user8@financehub.test,admin
9,User 9,user9@financehub.test,admin
10,User 10,user10@financehub.test,admin
11,User 11,user11@financehub.test,admin
12,User 12,user12@financehub.test,admin
13,User 13,user13@financehub.test,admin
14,User 14,user14@financehub.test,admin
15,User 15,user15@financehub.test,admin
16,User 16,user16@financehub.test,admin
17,User 17,user17@financehub.test,admin
18,User 18,user18@financehub.test,admin
19,User 19,user19@financehub.test,admin
20,User 20,user20@financehub.test,admin
21,User 21,user21@financehub.test,stakeholder
22,User 22,user22@financehub.test,stakeholder
23,User 23,user23@financehub.test,stakeholder
24,User 24,user24@financehub.test,stakeholder
25,User 25,user25@financehub.test,stakeholder
26,User 26,user26@financehub.test,stakeholder
27,User 27,user27@financehub.test,stakeholder
28,User 28,user28@financehub.test,stakeholder
29,User 29,user29@financehub.test,stakeholder
30,User 30,user30@financehub.test,stakeholder
31,User 31,user31@financehub.test,stakeholder
32,User 32,user32@financehub.test,stakeholder
33,User 33,user33@financehub.test,stakeholder
34,User 34,user34@financehub.test,stakeholder
35,User 35,user35@financehub.test,stakeholder
36,User 36,user36@financehub.test,stakeholder
37,User 37,user37@financehub.test,stakeholder
38,User 38,user38@financehub.test,stakeholder
39,User 39,user39@financehub.test,stakeholder
40,User 40,user40@financehub.test,stakeholder
41,User 41,user41@financehub.test,stakeholder
42,User 42,user42@financehub.test,stakeholder
43,User 43,user43@financehub.test,stakeholder
44,User 44,user44@financehub.test,stakeholder
45,User 45,user45@financehub.test,stakeholder
46,User 46,user46@financehub.test,stakeholder
47,User 47,user47@financehub.test,stakeholder
48,User 48,user48@financehub.test,stakeholder
49,User 49,user49@financehub.test,stakeholder
50,User 50,user50@financehub.test,stakeholder
51,User 51,user51@financehub.test,stakeholder
52,User 52,user52@financehub.test,stakeholder
53,User 53,user53@financehub.test,stakeholder
54,User 54,user54@financehub.test,stakeholder
55,User 55,user55@financehub.test,stakeholder
56,User 56,user56@financehub.test,stakeholder
57,User 57,user57@financehub.test,stakeholder
58,User 58,user58@financehub.test,stakeholder
59,User 59,user59@financehub.test,stakeholder
60,User 60,user60@financehub.test,stakeholder
61,User 61,user61@financehub.test,stakeholder
62,User 62,user62@financehub.test,stakeholder
63,User 63,user63@financehub.test,stakeholder
64,User 64,user64@financehub.test,stakeholder
65,User 65,user65@financehub.test,stakeholder
66,User 66,user66@financehub.test,stakeholder
67,User 67,user67@financehub.test,stakeholder
68,User 68,user68@financehub.test,stakeholder
69,User 69,user69@financehub.test,stakeholder
70,User 70,user70@financehub.test,stakeholder
71,User 71,user71@financehub.test,stakeholder
72,User 72,user72@financehub.test,stakeholder
73,User 73,user73@financehub.test,stakeholder
74,User 74,user74@financehub.test,stakeholder
75,User 75,user75@financehub.test,stakeholder
76,User 76,user76@financehub.test,stakeholder
77,User 77,user77@financehub.test,stakeholder
78,User 78,user78@financehub.test,stakeholder
79,User 79,user79@financehub.test,stakeholder
80,User 80,user80@financehub.test,stakeholder
81,User 81,user81@financehub.test,user
82,User 82,user82@financehub.test,user
83,User 83,user83@financehub.test,user
84,User 84,user84@financehub.test,user
85,User 85,user85@financehub.test,user
86,User 86,user86@financehub.test,user
87,User 87,user87@financehub.test,user
88,User 88,user88@financehub.test,user
89,User 89,user89@financehub.test,user
90,User 90,user90@financehub.test,user
91,User 91,user91@financehub.test,user
92,User 92,user92@financehub.test,user
93,User 93,user93@financehub.test,user
94,User 94,user94@financehub.test,user
95,User 95,user95@financehub.test,user
96,User 96,user96@financehub.test,user
97,User 97,user97@financehub.test,user
98,User 98,user98@financehub.test,user
99,User 99,user99@financehub.test,user
100,User 100,user100@financehub.test,user
101,User 101,user101@financehub.test,user
102,User 102,user102@financehub.test,user
103,User 103,user103@financehub.test,user
104,User 104,user104@financehub.test,user
105,User 105,user105@financehub.test,user
106,User 106,user106@financehub.test,user
107,User 107,user107@financehub.test,user
108,User 108,user108@financehub.test,user
109,User 109,user109@financehub.test,user
110,User 110,user110@financehub.test,user
111,User 111,user111@financehub.test,user
112,User 112,user112@financehub.test,user
113,User 113,user113@financehub.test,user
114,User 114,user114@financehub.test,user
115,User 115,user115@financehub.test,user
116,User 116,user116@financehub.test,user
117,User 117,user117@financehub.test,user
118,User 118,user118@financehub.test,user
119,User 119,user119@financehub.test,user
120,User 120,user120@financehub.test,user
121,User 121,user121@financehub.test,user
122,User 122,user122@financehub.test,user
123,User 123,user123@financehub.test,user
124,User 124,user124@financehub.test,user
125,User 125,user125@financehub.test,user
126,User 126,user126@financehub.test,user
127,User 127,user127@financehub.test,user
128,User 128,user128@financehub.test,user
129,User 129,user129@financehub.test,user
130,User 130,user130@financehub.test,user
131,User 131,user131@financehub.test,user
132,User 132,user132@financehub.test,user
133,User 133,user133@financehub.test,user
134,User 134,user134@financehub.test,user
135,User 135,user135@financehub.test,user
136,User 136,user136@financehub.test,user
137,User 137,user137@financehub.test,user
138,User 138,user138@financehub.test,user
139,User 139,user139@financehub.test,user
140,User 140,user140@financehub.test,user
141,User 141,user141@financehub.test,user
142,User 142,user142@financehub.test,user
143,User 143,user143@financehub.test,user
144,User 144,user144@financehub.test,user
145,User 145,user145@financehub.test,user
146,User 146,user146@financehub.test,user
147,User 147,user147@financehub.test,user
148,User 148,user148@financehub.test,user
149,User 149,user149@financehub.test,user
150,User 150,user150@financehub.test,user
151,User 151,user151@financehub.test,user
152,User 152,user152@financehub.test,user
153,User 153,user153@financehub.test,user
154,User 154,user154@financehub.test,user
155,User 155,user155@financehub.test,user
156,User 156,user156@financehub.test,user
157,User 157,user157@financehub.test,user
158,User 158,user158@financehub.test,user
159,User 159,user159@financehub.test,user
160,User 160,user160@financehub.test,user
161,User 161,user161@financehub.test,user
162,User 162,user162@financehub.test,user
163,User 163,user163@financehub.test,user
164,User 164,user164@financehub.test,user
165,User 165,user165@financehub.test,user
166,User 166,user166@financehub.test,user
167,User 167,user167@financehub.test,user
168,User 168,user168@financehub.test,user
169,User 169,user169@financehub.test,user
170,User 170,user170@financehub.test,user
171,User 171,user171@financehub.test,user
172,User 172,user172@financehub.test,user
173,User 173,user173@financehub.test,user
174,User 174,user174@financehub.test,user
175,User 175,user175@financehub.test,user
176,User 176,user176@financehub.test,user
177,User 177,user177@financehub.test,user
178,User 178,user178@financehub.test,user
179,User 179,user179@financehub.test,user
180,User 180,user180@financehub.test,user
181,User 181,user181@financehub.test,user
182,User 182,user182@financehub.test,user
183,User 183,user183@financehub.test,user
184,User 184,user184@financehub.test,user
185,User 185,user185@financehub.test,user
186,User 186,user186@financehub.test,user
187,User 187,user187@financehub.test,user
188,User 188,user188@financehub.test,user
189,User 189,user189@financehub.test,user
190,User 190,user190@financehub.test,user
191,User 191,user191@financehub.test,user
192,User 192,user192@financehub.test,user
193,User 193,user193@financehub.test,user
194,User 194,user194@financehub.test,user
195,User 195,user195@financehub.test,user
196,User 196,user196@financehub.test,user
197,User 197,user197@financehub.test,user
198,User 198,user198@financehub.test,user
199,User 199,user199@financehub.test,user
200,User 200,user200@financehub.test,user
201,User 201,user201@financehub.test,user
202,User 202,user202@financehub.test,user
203,User 203,user203@financehub.test,user
204,User 204,user204@financehub.test,user
205,User 205,user205@financehub.test,user
206,User 206,user206@financehub.test,user
207,User 207,user207@financehub.test,user
208,User 208,user208@financehub.test,user
209,User 209,user209@financehub.test,user
210,User 210,user210@financehub.test,user
211,User 211,user211@financehub.test,user
212,User 212,user212@financehub.test,user
213,User 213,user213@financehub.test,user
214,User 214,user214@financehub.test,user
215,User 215,user215@financehub.test,user
216,User 216,user216@financehub.test,user
217,User 217,user217@financehub.test,user
218,User 218,user218@financehub.test,user
219,User 219,user219@financehub.test,user
220,User 220,user220@financehub.test,user
221,User 221,user221@financehub.test,user
222,User 222,user222@financehub.test,user
223,User 223,user223@financehub.test,user
224,User 224,user224@financehub.test,user
225,User 225,user225@financehub.test,user
226,User 226,user226@financehub.test,user
227,User 227,user227@financehub.test,user
228,User 228,user228@financehub.test,user
229,User 229,user229@financehub.test,user
230,User 230,user230@financehub.test,user
231,User 231,user231@financehub.test,user
232,User 232,user232@financehub.test,user
233,User 233,user233@financehub.test,user
234,User 234,user234@financehub.test,user
235,User 235,user235@financehub.test,user
236,User 236,user236@financehub.test,user
237,User 237,user237@financehub.test,user
238,User 238,user238@financehub.test,user
239,User 239,user239@financehub.test,user
240,User 240,user240@financehub.test,user
241,User 241,user241@financehub.test,user
242,User 242,user242@financehub.test,user
243,User 243,user243@financehub.test,user
244,User 244,user244@financehub.test,user
245,User 245,user245@financehub.test,user
246,User 246,user246@financehub.test,user
247,User 247,user247@financehub.test,user
248,User 248,user248@financehub.test,user
249,User 249,user249@financehub.test,user
250,User 250,user250@financehub.test,user
251,User 251,user251@financehub.test,user
252,User 252,user252@financehub.test,user
253,User 253,user253@financehub.test,user
254,User 254,user254@financehub.test,user
255,User 255,user255@financehub.test,user
256,User 256,user256@financehub.test,user
257,User 257,user257@financehub.test,user
258,User 258,user258@financehub.test,user
259,User 259,user259@financehub.test,user
260,User 260,user260@financehub.test,user
261,User 261,user261@financehub.test,user
262,User 262,user262@financehub.test,user
263,User 263,user263@financehub.test,user
264,User 264,user264@financehub.test,user
265,User 265,user265@financehub.test,user
266,User 266,user266@financehub.test,user
267,User 267,user267@financehub.test,user
268,User 268,user268@financehub.test,user
269,User 269,user269@financehub.test,user
270,User 270,user270@financehub.test,user
271,User 271,user271@financehub.test,user
272,User 272,user272@financehub.test,user
273,User 273,user273@financehub.test,user
274,User 274,user274@financehub.test,user
275,User 275,user275@financehub.test,user
276,User 276,user276@financehub.test,user
277,User 277,user277@financehub.test,user
278,User 278,user278@financehub.test,user
279,User 279,user279@financehub.test,user
280,User 280,user280@financehub.test,user
281,User 281,user281@financehub.test,user
282,User 282,user282@financehub.test,user
283,User 283,user283@financehub.test,user
284,User 284,user284@financehub.test,user
285,User 285,user285@financehub.test,user
286,User 286,user286@financehub.test,user
287,User 287,user287@financehub.test,user
288,User 288,user288@financehub.test,user
289,User 289,user289@financehub.test,user
290,User 290,user290@financehub.test,user
291,User 291,user291@financehub.test,user
292,User 292,user292@financehub.test,user
293,User 293,user293@financehub.test,user
294,User 294,user294@financehub.test,user
295,User 295,user295@financehub.test,user
296,User 296,user296@financehub.test,user
297,User 297,user297@financehub.test,user
298,User 298,user298@financehub.test,user
299,User 299,user299@financehub.test,user
300,User 300,user300@financehub.test,user
301,User 301,user301@financehub.test,user
302,User 302,user302@financehub.test,user
303,User 303,user303@financehub.test,user
304,User 304,user304@financehub.test,user
305,User 305,user305@financehub.test,user
306,User 306,user306@financehub.test,user
307,User 307,user307@financehub.test,user
308,User 308,user308@financehub.test,user
309,User 309,user309@financehub.test,user
310,User 310,user310@financehub.test,user
311,User 311,user311@financehub.test,user
312,User 312,user312@financehub.test,user
313,User 313,user313@financehub.test,user
314,User 314,user314@financehub.test,user
315,User 315,user315@financehub.test,user
316,User 316,user316@financehub.test,user
317,User 317,user317@financehub.test,user
318,User 318,user318@financehub.test,user
319,User 319,user319@financehub.test,user
320,User 320,user320@financehub.test,user
321,User 321,user321@financehub.test,user
322,User 322,user322@financehub.test,user
323,User 323,user323@financehub.test,user
324,User 324,user324@financehub.test,user
325,User 325,user325@financehub.test,user
326,User 326,user326@financehub.test,user
327,User 327,user327@financehub.test,user
328,User 328,user328@financehub.test,user
329,User 329,user329@financehub.test,user
330,User 330,user330@financehub.test,user
331,User 331,user331@financehub.test,user
332,User 332,user332@financehub.test,user
333,User 333,user333@financehub.test,user
334,User 334,user334@financehub.test,user
335,User 335,user335@financehub.test,user
336,User 336,user336@financehub.test,user
337,User 337,user337@financehub.test,user
338,User 338,user338@financehub.test,user
339,User 339,user339@financehub.test,user
340,User 340,user340@financehub.test,user
341,User 341,user341@financehub.test,user
342,User 342,user342@financehub.test,user
343,User 343,user343@financehub.test,user
344,User 344,user344@financehub.test,user
345,User 345,user345@financehub.test,user
346,User 346,user346@financehub.test,user
347,User 347,user347@financehub.test,user
348,User 348,user348@financehub.test,user
349,User 349,user349@financehub.test,user
350,User 350,user350@financehub.test,user
351,User 351,user351@financehub.test,user
352,User 352,user352@financehub.test,user
353,User 353,user353@financehub.test,user
354,User 354,user354@financehub.test,user
355,User 355,user355@financehub.test,user
356,User 356,user356@financehub.test,user
357,User 357,user357@financehub.test,user
358,User 358,user358@financehub.test,user
359,User 359,user359@financehub.test,user
360,User 360,user360@financehub.test,user
361,User 361,user361@financehub.test,user
362,User 362,user362@financehub.test,user
363,User 363,user363@financehub.test,user
364,User 364,user364@financehub.test,user
365,User 365,user365@financehub.test,user
366,User 366,user366@financehub.test,user
367,User 367,user367@financehub.test,user
368,User 368,user368@financehub.test,user
369,User 369,user369@financehub.test,user
370,User 370,user370@financehub.test,user
371,User 371,user371@financehub.test,user
372,User 372,user372@financehub.test,user
373,User 373,user373@financehub.test,user
374,User 374,user374@financehub.test,user
375,User 375,user375@financehub.test,user
376,User 376,user376@financehub.test,user
377,User 377,user377@financehub.test,user
378,User 378,user378@financehub.test,user
379,User 379,user379@financehub.test,user
380,User 380,user380@financehub.test,user
381,User 381,user381@financehub.test,user
382,User 382,user382@financehub.test,user
383,User 383,user383@financehub.test,user
384,User 384,user384@financehub.test,user
385,User 385,user385@financehub.test,user
386,User 386,user386@financehub.test,user
387,User 387,user387@financehub.test,user
388,User 388,user388@financehub.test,user
389,User 389,user389@financehub.test,user
390,User 390,user390@financehub.test,user
391,User 391,user391@financehub.test,user
392,User 392,user392@financehub.test,user
393,User 393,user393@financehub.test,user
394,User 394,user394@financehub.test,user
395,User 395,user395@financehub.test,user
396,User 396,user396@financehub.test,user
397,User 397,user397@financehub.test,user
398,User 398,user398@financehub.test,user
399,User 399,user399@financehub.test,user
400,User 400,user400@financehub.test,user
401,User 401,user401@financehub.test,user
402,User 402,user402@financehub.test,user
403,User 403,user403@financehub.test,user
404,User 404,user404@financehub.test,user
405,User 405,user405@financehub.test,user
406,User 406,user406@financehub.test,user
407,User 407,user407@financehub.test,user
408,User 408,user408@financehub.test,user
409,User 409,user409@financehub.test,user
410,User 410,user410@financehub.test,user
411,User 411,user411@financehub.test,user
412,User 412,user412@financehub.test,user
413,User 413,user413@financehub.test,user
414,User 414,user414@financehub.test,user
415,User 415,user415@financehub.test,user
416,User 416,user416@financehub.test,user
417,User 417,user417@financehub.test,user
418,User 418,user418@financehub.test,user
419,User 419,user419@financehub.test,user
420,User 420,user420@financehub.test,user
421,User 421,user421@financehub.test,user
422,User 422,user422@financehub.test,user
423,User 423,user423@financehub.test,user
424,User 424,user424@financehub.test,user
425,User 425,user425@financehub.test,user
426,User 426,user426@financehub.test,user
427,User 427,user427@financehub.test,user
428,User 428,user428@financehub.test,user
429,User 429,user429@financehub.test,user
430,User 430,user430@financehub.test,user
431,User 431,user431@financehub.test,user
432,User 432,user432@financehub.test,user
433,User 433,user433@financehub.test,user
434,User 434,user434@financehub.test,user
435,User 435,user435@financehub.test,user
436,User 436,user436@financehub.test,user
437,User 437,user437@financehub.test,user
438,User 438,user438@financehub.test,user
439,User 439,user439@financehub.test,user
440,User 440,user440@financehub.test,user
441,User 441,user441@financehub.test,user
442,User 442,user442@financehub.test,user
443,User 443,user443@financehub.test,user
444,User 444,user444@financehub.test,user
445,User 445,user445@financehub.test,user
446,User 446,user446@financehub.test,user
447,User 447,user447@financehub.test,user
448,User 448,user448@financehub.test,user
449,User 449,user449@financehub.test,user
450,User 450,user450@financehub.test,user
451,User 451,user451@financehub.test,user
452,User 452,user452@financehub.test,user
453,User 453,user453@financehub.test,user
454,User 454,user454@financehub.test,user
455,User 455,user455@financehub.test,user
456,User 456,user456@financehub.test,user
457,User 457,user457@financehub.test,user
458,User 458,user458@financehub.test,user
459,User 459,user459@financehub.test,user
460,User 460,user460@financehub.test,user
461,User 461,user461@financehub.test,user
462,User 462,user462@financehub.test,user
463,User 463,user463@financehub.test,user
464,User 464,user464@financehub.test,user
465,User 465,user465@financehub.test,user
466,User 466,user466@financehub.test,user
467,User 467,user467@financehub.test,user
468,User 468,user468@financehub.test,user
469,User 469,user469@financehub.test,user
470,User 470,user470@financehub.test,user
471,User 471,user471@financehub.test,user
472,User 472,user472@financehub.test,user
473,User 473,user473@financehub.test,user
474,User 474,user474@financehub.test,user
475,User 475,user475@financehub.test,user
476,User 476,user476@financehub.test,user
477,User 477,user477@financehub.test,user
478,User 478,user478@financehub.test,user
479,User 479,user479@financehub.test,user
480,User 480,user480@financehub.test,user
481,User 481,user481@financehub.test,user
482,User 482,user482@financehub.test,user
483,User 483,user483@financehub.test,user
484,User 484,user484@financehub.test,user
485,User 485,user485@financehub.test,user
486,User 486,user486@financehub.test,user
487,User 487,user487@financehub.test,user
488,User 488,user488@financehub.test,user
489,User 489,user489@financehub.test,user
490,User 490,user490@financehub.test,user
491,User 491,user491@financehub.test,user
492,User 492,user492@financehub.test,user
493,User 493,user493@financehub.test,user
494,User 494,user494@financehub.test,user
495,User 495,user495@financehub.test,user
496,User 496,user496@financehub.test,user
497,User 497,user497@financehub.test,user
498,User 498,user498@financehub.test,user
499,User 499,user499@financehub.test,user
500,User 500,user500@financehub.test,user
501,User 501,user501@financehub.test,user
502,User 502,user502@financehub.test,user
503,User 503,user503@financehub.test,user
504,User 504,user504@financehub.test,user
505,User 505,user505@financehub.test,user
506,User 506,user506@financehub.test,user
507,User 507,user507@financehub.test,user
508,User 508,user508@financehub.test,user
509,User 509,user509@financehub.test,user
510,User 510,user510@financehub.test,user
511,User 511,user511@financehub.test,user
512,User 512,user512@financehub.test,user
513,User 513,user513@financehub.test,user
514,User 514,user514@financehub.test,user
515,User 515,user515@financehub.test,user
516,User 516,user516@financehub.test,user
517,User 517,user517@financehub.test,user
518,User 518,user518@financehub.test,user
519,User 519,user519@financehub.test,user
520,User 520,user520@financehub.test,user
521,User 521,user521@financehub.test,user
522,User 522,user522@financehub.test,user
523,User 523,user523@financehub.test,user
524,User 524,user524@financehub.test,user
525,User 525,user525@financehub.test,user
526,User 526,user526@financehub.test,user
527,User 527,user527@financehub.test,user
528,User 528,user528@financehub.test,user
529,User 529,user529@financehub.test,user
530,User 530,user530@financehub.test,user
531,User 531,user531@financehub.test,user
532,User 532,user532@financehub.test,user
533,User 533,user533@financehub.test,user
534,User 534,user534@financehub.test,user
535,User 535,user535@financehub.test,user
536,User 536,user536@financehub.test,user
537,User 537,user537@financehub.test,user
538,User 538,user538@financehub.test,user
539,User 539,user539@financehub.test,user
540,User 540,user540@financehub.test,user
541,User 541,user541@financehub.test,user
542,User 542,user542@financehub.test,user
543,User 543,user543@financehub.test,user
544,User 544,user544@financehub.test,user
545,User 545,user545@financehub.test,user
546,User 546,user546@financehub.test,user
547,User 547,user547@financehub.test,user
548,User 548,user548@financehub.test,user
549,User 549,user549@financehub.test,user
550,User 550,user550@financehub.test,user
551,User 551,user551@financehub.test,user
552,User 552,user552@financehub.test,user
553,User 553,user553@financehub.test,user
554,User 554,user554@financehub.test,user
555,User 555,user555@financehub.test,user
556,User 556,user556@financehub.test,user
557,User 557,user557@financehub.test,user
558,User 558,user558@financehub.test,user
559,User 559,user559@financehub.test,user
560,User 560,user560@financehub.test,user
561,User 561,user561@financehub.test,user
562,User 562,user562@financehub.test,user
563,User 563,user563@financehub.test,user
564,User 564,user564@financehub.test,user
565,User 565,user565@financehub.test,user
566,User 566,user566@financehub.test,user
567,User 567,user567@financehub.test,user
568,User 568,user568@financehub.test,user
569,User 569,user569@financehub.test,user
570,User 570,user570@financehub.test,user
571,User 571,user571@financehub.test,user
572,User 572,user572@financehub.test,user
573,User 573,user573@financehub.test,user
574,User 574,user574@financehub.test,user
575,User 575,user575@financehub.test,user
576,User 576,user576@financehub.test,user
577,User 577,user577@financehub.test,user
578,User 578,user578@financehub.test,user
579,User 579,user579@financehub.test,user
580,User 580,user580@financehub.test,user
581,User 581,user581@financehub.test,user
582,User 582,user582@financehub.test,user
583,User 583,user583@financehub.test,user
584,User 584,user584@financehub.test,user
585,User 585,user585@financehub.test,user
586,User 586,user586@financehub.test,user
587,User 587,user587@financehub.test,user
588,User 588,user588@financehub.test,user
589,User 589,user589@financehub.test,user
590,User 590,user590@financehub.test,user
591,User 591,user591@financehub.test,user
592,User 592,user592@financehub.test,user
593,User 593,user593@financehub.test,user
594,User 594,user594@financehub.test,user
595,User 595,user595@financehub.test,user
596,User 596,user596@financehub.test,user
597,User 597,user597@financehub.test,user
598,User 598,user598@financehub.test,user
599,User 599,user599@financehub.test,user
600,User 600,user600@financehub.test,user
601,User 601,user601@financehub.test,user
602,User 602,user602@financehub.test,user
603,User 603,user603@financehub.test,user
604,User 604,user604@financehub.test,user
605,User 605,user605@financehub.test,user
606,User 606,user606@financehub.test,user
607,User 607,user607@financehub.test,user
608,User 608,user608@financehub.test,user
609,User 609,user609@financehub.test,user
610,User 610,user610@financehub.test,user
611,User 611,user611@financehub.test,user
612,User 612,user612@financehub.test,user
613,User 613,user613@financehub.test,user
614,User 614,user614@financehub.test,user
615,User 615,user615@financehub.test,user
616,User 616,user616@financehub.test,user
617,User 617,user617@financehub.test,user
618,User 618,user618@financehub.test,user
619,User 619,user619@financehub.test,user
620,User 620,user620@financehub.test,user
621,User 621,user621@financehub.test,user
622,User 622,user622@financehub.test,user
623,User 623,user623@financehub.test,user
624,User 624,user624@financehub.test,user
625,User 625,user625@financehub.test,user
626,User 626,user626@financehub.test,user
627,User 627,user627@financehub.test,user
628,User 628,user628@financehub.test,user
629,User 629,user629@financehub.test,user
630,User 630,user630@financehub.test,user
631,User 631,user631@financehub.test,user
632,User 632,user632@financehub.test,user
633,User 633,user633@financehub.test,user
634,User 634,user634@financehub.test,user
635,User 635,user635@financehub.test,user
636,User 636,user636@financehub.test,user
637,User 637,user637@financehub.test,user
638,User 638,user638@financehub.test,user
639,User 639,user639@financehub.test,user
640,User 640,user640@financehub.test,user
641,User 641,user641@financehub.test,user
642,User 642,user642@financehub.test,user
643,User 643,user643@financehub.test,user
644,User 644,user644@financehub.test,user
645,User 645,user645@financehub.test,user
646,User 646,user646@financehub.test,user
647,User 647,user647@financehub.test,user
648,User 648,user648@financehub.test,user
649,User 649,user649@financehub.test,user
650,User 650,user650@financehub.test,user
651,User 651,user651@financehub.test,user
652,User 652,user652@financehub.test,user
653,User 653,user653@financehub.test,user
654,User 654,user654@financehub.test,user
655,User 655,user655@financehub.test,user
656,User 656,user656@financehub.test,user
657,User 657,user657@financehub.test,user
658,User 658,user658@financehub.test,user
659,User 659,user659@financehub.test,user
660,User 660,user660@financehub.test,user
661,User 661,user661@financehub.test,user
662,User 662,user662@financehub.test,user
663,User 663,user663@financehub.test,user
664,User 664,user664@financehub.test,user
665,User 665,user665@financehub.test,user
666,User 666,user666@financehub.test,user
667,User 667,user667@financehub.test,user
668,User 668,user668@financehub.test,user
669,User 669,user669@financehub.test,user
670,User 670,user670@financehub.test,user
671,User 671,user671@financehub.test,user
672,User 672,user672@financehub.test,user
673,User 673,user673@financehub.test,user
674,User 674,user674@financehub.test,user
675,User 675,user675@financehub.test,user
676,User 676,user676@financehub.test,user
677,User 677,user677@financehub.test,user
678,User 678,user678@financehub.test,user
679,User 679,user679@financehub.test,user
680,User 680,user680@financehub.test,user
681,User 681,user681@financehub.test,user
682,User 682,user682@financehub.test,user
683,User 683,user683@financehub.test,user
684,User 684,user684@financehub.test,user
685,User 685,user685@financehub.test,user
686,User 686,user686@financehub.test,user
687,User 687,user687@financehub.test,user
688,User 688,user688@financehub.test,user
689,User 689,user689@financehub.test,user
690,User 690,user690@financehub.test,user
691,User 691,user691@financehub.test,user
692,User 692,user692@financehub.test,user
693,User 693,user693@financehub.test,user
694,User 694,user694@financehub.test,user
695,User 695,user695@financehub.test,user
696,User 696,user696@financehub.test,user
697,User 697,user697@financehub.test,user
698,User 698,user698@financehub.test,user
699,User 699,user699@financehub.test,user
700,User 700,user700@financehub.test,user
701,User 701,user701@financehub.test,user
702,User 702,user702@financehub.test,user
703,User 703,user703@financehub.test,user
704,User 704,user704@financehub.test,user
705,User 705,user705@financehub.test,user
706,User 706,user706@financehub.test,user
707,User 707,user707@financehub.test,user
708,User 708,user708@financehub.test,user
709,User 709,user709@financehub.test,user
710,User 710,user710@financehub.test,user
711,User 711,user711@financehub.test,user
712,User 712,user712@financehub.test,user
713,User 713,user713@financehub.test,user
714,User 714,user714@financehub.test,user
715,User 715,user715@financehub.test,user
716,User 716,user716@financehub.test,user
717,User 717,user717@financehub.test,user
718,User 718,user718@financehub.test,user
719,User 719,user719@financehub.test,user
720,User 720,user720@financehub.test,user
721,User 721,user721@financehub.test,user
722,User 722,user722@financehub.test,user
723,User 723,user723@financehub.test,user
724,User 724,user724@financehub.test,user
725,User 725,user725@financehub.test,user
726,User 726,user726@financehub.test,user
727,User 727,user727@financehub.test,user
728,User 728,user728@financehub.test,user
729,User 729,user729@financehub.test,user
730,User 730,user730@financehub.test,user
731,User 731,user731@financehub.test,user
732,User 732,user732@financehub.test,user
733,User 733,user733@financehub.test,user
734,User 734,user734@financehub.test,user
735,User 735,user735@financehub.test,user
736,User 736,user736@financehub.test,user
737,User 737,user737@financehub.test,user
738,User 738,user738@financehub.test,user
739,User 739,user739@financehub.test,user
740,User 740,user740@financehub.test,user
741,User 741,user741@financehub.test,user
742,User 742,user742@financehub.test,user
743,User 743,user743@financehub.test,user
744,User 744,user744@financehub.test,user
745,User 745,user745@financehub.test,user
746,User 746,user746@financehub.test,user
747,User 747,user747@financehub.test,user
748,User 748,user748@financehub.test,user
749,User 749,user749@financehub.test,user
750,User 750,user750@financehub.test,user
751,User 751,user751@financehub.test,user
752,User 752,user752@financehub.test,user
753,User 753,user753@financehub.test,user
754,User 754,user754@financehub.test,user
755,User 755,user755@financehub.test,user
756,User 756,user756@financehub.test,user
757,User 757,user757@financehub.test,user
758,User 758,user758@financehub.test,user
759,User 759,user759@financehub.test,user
760,User 760,user760@financehub.test,user
761,User 761,user761@financehub.test,user
762,User 762,user762@financehub.test,user
763,User 763,user763@financehub.test,user
764,User 764,user764@financehub.test,user
765,User 765,user765@financehub.test,user
766,User 766,user766@financehub.test,user
767,User 767,user767@financehub.test,user
768,User 768,user768@financehub.test,user
769,User 769,user769@financehub.test,user
770,User 770,user770@financehub.test,user
771,User 771,user771@financehub.test,user
772,User 772,user772@financehub.test,user
773,User 773,user773@financehub.test,user
774,User 774,user774@financehub.test,user
775,User 775,user775@financehub.test,user
776,User 776,user776@financehub.test,user
777,User 777,user777@financehub.test,user
778,User 778,user778@financehub.test,user
779,User 779,user779@financehub.test,user
780,User 780,user780@financehub.test,user
781,User 781,user781@financehub.test,user
782,User 782,user782@financehub.test,user
783,User 783,user783@financehub.test,user
784,User 784,user784@financehub.test,user
785,User 785,user785@financehub.test,user
786,User 786,user786@financehub.test,user
787,User 787,user787@financehub.test,user
788,User 788,user788@financehub.test,user
789,User 789,user789@financehub.test,user
790,User 790,user790@financehub.test,user
791,User 791,user791@financehub.test,user
792,User 792,user792@financehub.test,user
793,User 793,user793@financehub.test,user
794,User 794,user794@financehub.test,user
795,User 795,user795@financehub.test,user
796,User 796,user796@financehub.test,user
797,User 797,user797@financehub.test,user
798,User 798,user798@financehub.test,user
799,User 799,user799@financehub.test,user
800,User 800,user800@financehub.test,user
801,User 801,user801@financehub.test,user
802,User 802,user802@financehub.test,user
803,User 803,user803@financehub.test,user
804,User 804,user804@financehub.test,user
805,User 805,user805@financehub.test,user
806,User 806,user806@financehub.test,user
807,User 807,user807@financehub.test,user
808,User 808,user808@financehub.test,user
809,User 809,user809@financehub.test,user
810,User 810,user810@financehub.test,user
811,User 811,user811@financehub.test,user
812,User 812,user812@financehub.test,user
813,User 813,user813@financehub.test,user
814,User 814,user814@financehub.test,user
815,User 815,user815@financehub.test,user
816,User 816,user816@financehub.test,user
817,User 817,user817@financehub.test,user
818,User 818,user818@financehub.test,user
819,User 819,user819@financehub.test,user
820,User 820,user820@financehub.test,user
821,User 821,user821@financehub.test,user
822,User 822,user822@financehub.test,user
823,User 823,user823@financehub.test,user
824,User 824,user824@financehub.test,user
825,User 825,user825@financehub.test,user
826,User 826,user826@financehub.test,user
827,User 827,user827@financehub.test,user
828,User 828,user828@financehub.test,user
829,User 829,user829@financehub.test,user
830,User 830,user830@financehub.test,user
831,User 831,user831@financehub.test,user
832,User 832,user832@financehub.test,user
833,User 833,user833@financehub.test,user
834,User 834,user834@financehub.test,user
835,User 835,user835@financehub.test,user
836,User 836,user836@financehub.test,user
837,User 837,user837@financehub.test,user
838,User 838,user838@financehub.test,user
839,User 839,user839@financehub.test,user
840,User 840,user840@financehub.test,user
841,User 841,user841@financehub.test,user
842,User 842,user842@financehub.test,user
843,User 843,user843@financehub.test,user
844,User 844,user844@financehub.test,user
845,User 845,user845@financehub.test,user
846,User 846,user846@financehub.test,user
847,User 847,user847@financehub.test,user
848,User 848,user848@financehub.test,user
849,User 849,user849@financehub.test,user
850,User 850,user850@financehub.test,user
851,User 851,user851@financehub.test,user
852,User 852,user852@financehub.test,user
853,User 853,user853@financehub.test,user
854,User 854,user854@financehub.test,user
855,User 855,user855@financehub.test,user
856,User 856,user856@financehub.test,user
857,User 857,user857@financehub.test,user
858,User 858,user858@financehub.test,user
859,User 859,user859@financehub.test,user
860,User 860,user860@financehub.test,user
861,User 861,user861@financehub.test,user
862,User 862,user862@financehub.test,user
863,User 863,user863@financehub.test,user
864,User 864,user864@financehub.test,user
865,User 865,user865@financehub.test,user
866,User 866,user866@financehub.test,user
867,User 867,user867@financehub.test,user
868,User 868,user868@financehub.test,user
869,User 869,user869@financehub.test,user
870,User 870,user870@financehub.test,user
871,User 871,user871@financehub.test,user
872,User 872,user872@financehub.test,user
873,User 873,user873@financehub.test,user
874,User 874,user874@financehub.test,user
875,User 875,user875@financehub.test,user
876,User 876,user876@financehub.test,user
877,User 877,user877@financehub.test,user
878,User 878,user878@financehub.test,user
879,User 879,user879@financehub.test,user
880,User 880,user880@financehub.test,user
881,User 881,user881@financehub.test,user
882,User 882,user882@financehub.test,user
883,User 883,user883@financehub.test,user
884,User 884,user884@financehub.test,user
885,User 885,user885@financehub.test,user
886,User 886,user886@financehub.test,user
887,User 887,user887@financehub.test,user
888,User 888,user888@financehub.test,user
889,User 889,user889@financehub.test,user
890,User 890,user890@financehub.test,user
891,User 891,user891@financehub.test,user
892,User 892,user892@financehub.test,user
893,User 893,user893@financehub.test,user
894,User 894,user894@financehub.test,user
895,User 895,user895@financehub.test,user
896,User 896,user896@financehub.test,user
897,User 897,user897@financehub.test,user
898,User 898,user898@financehub.test,user
899,User 899,user899@financehub.test,user
900,User 900,user900@financehub.test,user
901,User 901,user901@financehub.test,user
902,User 902,user902@financehub.test,user
903,User 903,user903@financehub.test,user
904,User 904,user904@financehub.test,user
905,User 905,user905@financehub.test,user
906,User 906,user906@financehub.test,user
907,User 907,user907@financehub.test,user
908,User 908,user908@financehub.test,user
909,User 909,user909@financehub.test,user
910,User 910,user910@financehub.test,user
911,User 911,user911@financehub.test,user
912,User 912,user912@financehub.test,user
913,User 913,user913@financehub.test,user
914,User 914,user914@financehub.test,user
915,User 915,user915@financehub.test,user
916,User 916,user916@financehub.test,user
917,User 917,user917@financehub.test,user
918,User 918,user918@financehub.test,user
919,User 919,user919@financehub.test,user
920,User 920,user920@financehub.test,user
921,User 921,user921@financehub.test,user
922,User 922,user922@financehub.test,user
923,User 923,user923@financehub.test,user
924,User 924,user924@financehub.test,user
925,User 925,user925@financehub.test,user
926,User 926,user926@financehub.test,user
927,User 927,user927@financehub.test,user
928,User 928,user928@financehub.test,user
929,User 929,user929@financehub.test,user
930,User 930,user930@financehub.test,user
931,User 931,user931@financehub.test,user
932,User 932,user932@financehub.test,user
933,User 933,user933@financehub.test,user
934,User 934,user934@financehub.test,user
935,User 935,user935@financehub.test,user
936,User 936,user936@financehub.test,user
937,User 937,user937@financehub.test,user
938,User 938,user938@financehub.test,user
939,User 939,user939@financehub.test,user
940,User 940,user940@financehub.test,user
941,User 941,user941@financehub.test,user
942,User 942,user942@financehub.test,user
943,User 943,user943@financehub.test,user
944,User 944,user944@financehub.test,user
945,User 945,user945@financehub.test,user
946,User 946,user946@financehub.test,user
947,User 947,user947@financehub.test,user
948,User 948,user948@financehub.test,user
949,User 949,user949@financehub.test,user
950,User 950,user950@financehub.test,user
951,User 951,user951@financehub.test,user
952,User 952,user952@financehub.test,user
953,User 953,user953@financehub.test,user
954,User 954,user954@financehub.test,user
955,User 955,user955@financehub.test,user
956,User 956,user956@financehub.test,user
957,User 957,user957@financehub.test,user
958,User 958,user958@financehub.test,user
959,User 959,user959@financehub.test,user
960,User 960,user960@financehub.test,user
961,User 961,user961@financehub.test,user
962,User 962,user962@financehub.test,user
963,User 963,user963@financehub.test,user
964,User 964,user964@financehub.test,user
965,User 965,user965@financehub.test,user
966,User 966,user966@financehub.test,user
967,User 967,user967@financehub.test,user
968,User 968,user968@financehub.test,user
969,User 969,user969@financehub.test,user
970,User 970,user970@financehub.test,user
971,User 971,user971@financehub.test,user
972,User 972,user972@financehub.test,user
973,User 973,user973@financehub.test,user
974,User 974,user974@financehub.test,user
975,User 975,user975@financehub.test,user
976,User 976,user976@financehub.test,user
977,User 977,user977@financehub.test,user
978,User 978,user978@financehub.test,user
979,User 979,user979@financehub.test,user
980,User 980,user980@financehub.test,user
981,User 981,user981@financehub.test,user
982,User 982,user982@financehub.test,user
983,User 983,user983@financehub.test,user
984,User 984,user984@financehub.test,user
985,User 985,user985@financehub.test,user
986,User 986,user986@financehub.test,user
987,User 987,user987@financehub.test,user
988,User 988,user988@financehub.test,user
989,User 989,user989@financehub.test,user
990,User 990,user990@financehub.test,user
991,User 991,user991@financehub.test,user
992,User 992,user992@financehub.test,user
993,User 993,user993@financehub.test,user
994,User 994,user994@financehub.test,user
995,User 995,user995@financehub.test,user
996,User 996,user996@financehub.test,user
997,User 997,user997@financehub.test,user
998,User 998,user998@financehub.test,user
999,User 999,user999@financehub.test,user
1000,User 1000,user1000@financehub.test,user
